code_comptable,designation_compte,categorie_pnl_bu,macro_categorie_pnl_bu
602600,ACHATS D_EMBALLAGES,Consommation MP Nunshen,Consommation MP & SSTT
603200,Variation stocks autres approv.,Consommation MP Nunshen,Consommation MP & SSTT
603700,Variation stocks NUNSHEN,Consommation MP Nunshen,Consommation MP & SSTT
603705,Variation stocks NESHU,Consommation MP Neshu,Consommation MP & SSTT
603710,Variation stocks pièces détachées,Consommation MP Pièces Détachées,Consommation MP & SSTT
604100,SOUS TRAITANCE / SAV TECHNIQUE,SSTT Tech,Frais Directs & Amortissements
604200,CONDITIONNEMENT/ MARCHANDISES,Consommation MP Nunshen,Consommation MP & SSTT
604210,SOUS TRAITANCE / PREPARATION CDE,Consommation MP Nunshen,Consommation MP & SSTT
604215,SOUS TRAITANCE NESHU,Consommation MP Neshu,Consommation MP & SSTT
605000,Achats matériel équipement tx revente,"Frais Neshu (loc., etc.)",Frais Directs & Amortissements
606100,E.D.F.,Energie,Frais Directs & Amortissements
606101,EAU,Energie,Frais Directs & Amortissements
606110,,Energie,Frais Directs & Amortissements
606130,CARBURANTS,Energie,Frais Directs & Amortissements
606300,FOURN.PETIT OUTILLAGE,Autres Frais,Frais Directs & Amortissements
606310,AUTRES ACHATS NESHU,"Frais Neshu (loc., etc.)",Frais Directs & Amortissements
606330,PRODUITS D'ENTRETIEN,Autres Frais,Frais Directs & Amortissements
606400,FOURNITURES DE BUREAU,Autres Frais,Frais Directs & Amortissements
606800,ACHATS DIVERS,Autres Frais,Frais Directs & Amortissements
607000,ACHATS THE,Consommation MP Nunshen,Consommation MP & SSTT
607010,ACHATS NESPRESSO,Consommation MP Neshu,Consommation MP & SSTT
607015,ACHATS NESTLE,Consommation MP Neshu,Consommation MP & SSTT
607020,ACHATS CASTALIE,Consommation MP Neshu,Consommation MP & SSTT
607111,ACHATS CHOCOLAT,Consommation MP Nunshen,Consommation MP & SSTT
607113,ACHATS ACCESSOIRES NUNSHEN,Consommation MP Nunshen,Consommation MP & SSTT
607115,ACHATS NESHU,Consommation MP Neshu,Consommation MP & SSTT
607200,ACHATS PIECES DETACHEES,Consommation MP Pièces Détachées,Consommation MP & SSTT
608000,ACHAT FRAIS ACCESSOIRES,Consommation MP Nunshen,Consommation MP & SSTT
608700,FRAIS ACCESS SUR ACHATS MARCHANDISE,Consommation MP Nunshen,Consommation MP & SSTT
611000,Management fees,Management Fees,Frais Directs & Amortissements
611001,Administratif fees,Admin Fees nunshen,Frais Directs & Amortissements
611050,Sous traitance générale (NEMORUN),SI,Frais Directs & Amortissements
612200,CREDIT BAIL MOBILIER,Amortissements,Frais Directs & Amortissements
612250,,Parc Auto,Frais Directs & Amortissements
612520,CREDIT BAIL VEHICULES,Parc Auto,Frais Directs & Amortissements
613200,LOCATION ENTREPROT,Locaux,Frais Directs & Amortissements
613210,LOYER LYON,Locaux,Frais Directs & Amortissements
613211,LOYER PARIS/RUNGIS,Locaux,Frais Directs & Amortissements
613212,LOYER ILLKIRCH,Locaux,Frais Directs & Amortissements
613214,LOCATION BOX,Locaux,Frais Directs & Amortissements
613500,LOCATIONS MOBILIERES,Locaux,Frais Directs & Amortissements
613505,LOCATIONS MACHINE NESTLE,"Frais Neshu (loc., etc.)",Frais Directs & Amortissements
613506,,Amortissements,Frais Directs & Amortissements
613510,LOYER MOB.MAT.BUREAU,Locaux,Frais Directs & Amortissements
613511,LOCATION SOLUTION INFORM.,SI,Frais Directs & Amortissements
613512,LOCATION FRIGO CONNECTE,Locaux,Frais Directs & Amortissements
613513,LOCATION MACHINE A LAVER AUUM,"Frais Neshu (loc., etc.)",Frais Directs & Amortissements
613514,LOCATION PHOTOCOPIEUR,Locaux,Frais Directs & Amortissements
613515,LOCATION VISIO,SI,Frais Directs & Amortissements
613516,Location SAGE,SI,Frais Directs & Amortissements
613520,LOYER MAT.TRANSPORT,Parc Auto,Frais Directs & Amortissements
613521,LOCATION TRACEURS GEOLOCALISATION,Parc Auto,Frais Directs & Amortissements
613522,LOCATION VEHICULE OCCASIONNEL,V&D,Frais Directs & Amortissements
614500,CHARGES LOCAT.COPROPRIETE,Locaux,Frais Directs & Amortissements
615200,ENTRETIEN LOCAUX,Locaux,Frais Directs & Amortissements
615500,ENTRETIEN MATERIEL TRANSPORT,Parc Auto,Frais Directs & Amortissements
615510,ENT.MAT.BUREAU,Locaux,Frais Directs & Amortissements
615520,ENTRETIEN MATERIEL TRANSPORT,Parc Auto,Frais Directs & Amortissements
615600,MAINTENANCE INFORMATIQUE,SI,Frais Directs & Amortissements
616000,ASSURANCES,Parc Auto,Frais Directs & Amortissements
616010,ASSURANCES S/LOCATIONS,Locaux,Frais Directs & Amortissements
616020,ASSURANCE BOX,Locaux,Frais Directs & Amortissements
616081,ASSURANCE S/EMPRUNT,Autres Frais,Frais Directs & Amortissements
617000,Etudes et recherches,Autres Frais,Frais Directs & Amortissements
618100,DOCUMENTATION,Autres Frais,Frais Directs & Amortissements
618200,,Communication,Frais Directs & Amortissements
618300,,Résultat Exceptionnel,Frais Directs & Amortissements
618500,FRAIS DE STAGES / SEMINAIRES,V&D,Frais Directs & Amortissements
621000,PERSONNEL INTERIMAIRE,Autres Frais,Frais Directs & Amortissements
622100,COMMISSIONS (TO GOOD TO GO),Autres Frais,Frais Directs & Amortissements
622200,COMMISSIONS ET COURTAGE,Autres Frais,Frais Directs & Amortissements
622600,HONORAIRES,Autres Frais,Frais Directs & Amortissements
622605,Honoraires prestations sociales,Autres Frais,Frais Directs & Amortissements
622610,HONORAIRES AVOCAT,Autres Frais,Frais Directs & Amortissements
622700,FRAIS D_ACTES,Autres Frais,Frais Directs & Amortissements
622800,Honoraires divers,Communication,Frais Directs & Amortissements
623100,ANNONCES ET INSERTIONS,Communication,Frais Directs & Amortissements
623300,FOIRES ET EXPOSITIONS,Communication,Frais Directs & Amortissements
623400,cadeaux clientèles/salariés,Autres Frais,Frais Directs & Amortissements
623600,CATALOGUES ET IMPRIMES,Communication,Frais Directs & Amortissements
623800,DONS,Autres Frais,Frais Directs & Amortissements
624100,TRANSP.S/ACHATS,Transport,Frais Directs & Amortissements
624200,TRANSP.S/VENTES,Transport,Frais Directs & Amortissements
625110,FRAIS DEPLACEMENTS SALARIES,V&D,Frais Directs & Amortissements
625112,FRAIS DEPLACEMENTS MANAGEMENT,V&D,Frais Directs & Amortissements
625113,,V&D,Frais Directs & Amortissements
625115,,V&D,Frais Directs & Amortissements
625500,FRAIS DIVERS,Autres Frais,Frais Directs & Amortissements
625700,RECEPTIONS/REUNION COM/ REPRESENTATION,Autres Frais,Frais Directs & Amortissements
626000,AFFRANCHISSEMENT,Autres Frais,Frais Directs & Amortissements
626100,TELEPHONE/INTERNET,Autres Frais,Frais Directs & Amortissements
627500,FRAIS BANCAIRES,Autres Frais,Frais Directs & Amortissements
627501,FRAIS BANCAIRES (STRIPE/DA/FRIGO),Autres Frais,Frais Directs & Amortissements
628100,COTISATIONS ET ABONNEMENTS,SI,Frais Directs & Amortissements
628200,,"Frais Neshu (loc., etc.)",Frais Directs & Amortissements
628300,ABONNEMEMENT INFORMATIQUE,SI,Frais Directs & Amortissements
628400,FRAIS DE RECRUTEMENT,Autres Frais,Frais Directs & Amortissements
633200,TAXE APPRENTISSAGE,Charges Patronales,Masse Salariale
633300,PART. FORMATION,Charges Patronales,Masse Salariale
633400,1% LOGEMENT,Charges Patronales,Masse Salariale
633500,CONTRIBUTION AGEFIPH,"Autres (tickets restaurants, mutuelle, etc.)",Masse Salariale
635110,CFE ET CVAE,Taxes,Frais Directs & Amortissements
635120,TAXES FONCIERES,Taxes,Frais Directs & Amortissements
635140,TAXES/VEHICUL.DE SOCIETES,Taxes,Frais Directs & Amortissements
635400,CARTES GRISES,Taxes,Frais Directs & Amortissements
635800,AUTRES DROITS,Taxes,Frais Directs & Amortissements
635810,Taxe bureaux,Taxes,Frais Directs & Amortissements
637100,,Taxes,Frais Directs & Amortissements
641100,SALAIRES,Salaires,Masse Salariale
641105,REMBOURSEMENT ETAT CHOMAGE PARTIEL,Salaires,Masse Salariale
641110,INDEMNITES LICENCIEMENT,Salaires,Masse Salariale
641120,BONUS A PAYER,Variable,Frais Directs & Amortissements
641200,CONGES PAYES,Congés Payés,Masse Salariale
641300,VARIABLE NESPRESSO,Variable,Frais Directs & Amortissements
641305,PRIMES EXCEPTIONNELLES,Variable,Frais Directs & Amortissements
641310,VARIABLE NUNSHEN,Variable,Frais Directs & Amortissements
641315,VARIABLE NESHU,Variable,Frais Directs & Amortissements
641320,VARIABLE CASTALIE,Variable,Frais Directs & Amortissements
641322,VARIABLE TECHNIQUE,Variable,Frais Directs & Amortissements
641325,VARIABLE DIVERS,Variable,Frais Directs & Amortissements
641400,INDEMNITE / AVANTAGE / DSF,Salaires,Masse Salariale
641800,AVANTAGES EN NATURE,Salaires,Masse Salariale
641900,,Salaires,Masse Salariale
645100,URSSAF,Charges Patronales,Masse Salariale
645300,APICIL,Charges Patronales,Masse Salariale
645400,POLE EMPLOI,Charges Patronales,Masse Salariale
645500,PREVOYANCE,Charges Patronales,Masse Salariale
645520,CHARGES / BONUS A PAYER,Charges Patronales,Masse Salariale
645600,MUTUELLE,Charges Patronales,Masse Salariale
645800,COT.SOC./PROV.CONG.PAYES,Congés Payés,Masse Salariale
647000,AUTRES CHARGES SOCIALES,"Autres (tickets restaurants, mutuelle, etc.)",Masse Salariale
647100,TICKETS RESTAURANT,Charges Patronales,Masse Salariale
647200,CSE FONCTIONNEMENT,"Autres (tickets restaurants, mutuelle, etc.)",Masse Salariale
647500,MEDECINE TRAVAIL PHCIE,"Autres (tickets restaurants, mutuelle, etc.)",Masse Salariale
648000,AUTR.CHARGES DE PERSONNEL,"Autres (tickets restaurants, mutuelle, etc.)",Masse Salariale
649200,,Charges Patronales,Masse Salariale
649300,,Résultat Exceptionnel,Frais Directs & Amortissements
651000,REDEVENCE CESSION BREVET,Royalties neshu x nunshen,Frais Directs & Amortissements
654000,Pertes/créances irrécouvrables,Résultat Exceptionnel,Frais Directs & Amortissements
656000,PERTES DE CHANGE,Résultat Financier,Frais Directs & Amortissements
658000,CHARGES DIV.GEST.COURANTE,Résultat Exceptionnel,Frais Directs & Amortissements
661100,INTERETS D'EMPRUNT,Résultat Financier,Frais Directs & Amortissements
661500,INTERET COMPTE COURANT,Résultat Financier,Frais Directs & Amortissements
661600,INTERETS BANCAIRES,Résultat Financier,Frais Directs & Amortissements
671200,PENALITES AMENDES,Résultat Exceptionnel,Frais Directs & Amortissements
671800,CHARGES EXCEPT. OP GESTION,Résultat Exceptionnel,Frais Directs & Amortissements
672000,CHARGES EXCEP./EXO ANTERIEUR,Résultat Exceptionnel,Frais Directs & Amortissements
675100,VNC IMMOB INCORPO,Résultat Exceptionnel,Frais Directs & Amortissements
675200,VNC IMMOB CORPO,Résultat Exceptionnel,Frais Directs & Amortissements
675600,VNC IMMO FINANCIERES,Résultat Exceptionnel,Frais Directs & Amortissements
678800,CHARGES EXCEPT DIVERSES,Résultat Exceptionnel,Frais Directs & Amortissements
681110,DOT AMORT IMMO INCORPO,Amortissements,Frais Directs & Amortissements
681120,DOT. AMORT. IMMO. CORPORELLES,Amortissements,Frais Directs & Amortissements
681730,,Résultat Exceptionnel,Frais Directs & Amortissements
681740,Dotation provision Dépréciation actif,Résultat Exceptionnel,Frais Directs & Amortissements
687100,Dotation provision pour risque except,Résultat Exceptionnel,Frais Directs & Amortissements
687250,Dotation dérogatoire,Résultat Exceptionnel,Frais Directs & Amortissements
687500,,Résultat Exceptionnel,Frais Directs & Amortissements
691000,PARTICIPATION DES SALARIES,Participation,
695000,IMPOTS SUR LES BENEFICES,Impots sur bénéfice,
706010,PRESTATION 20% DIVERS,Résultat Exceptionnel,Frais Directs & Amortissements
706100,NNFR COMMISSIONS TECHNIQUES,Chiffre d'Affaires EVS Services Technique Nesp,Chiffre d'Affaires
706101,NNFR COMMISSIONS MACHINES,Chiffre d'Affaires Services Commercial,Chiffre d'Affaires
706103,NNFR COMMISSIONS CAPSULES,Chiffre d'Affaires Services Commercial,Chiffre d'Affaires
706104,NNFR COMMISSIONS DIVERSES,Chiffre d'Affaires Services Commercial,Chiffre d'Affaires
706106,NNFR COMMISSIONS ACCESSOIRES,Chiffre d'Affaires Services Commercial,Chiffre d'Affaires
706200,NNFR PRESTATION /GESTION PDTECH,Chiffre d'Affaires Pièces Détachées,Chiffre d'Affaires
706210,NESHU COMMISSIONS PARTENAIRES,Consommation MP Neshu,Consommation MP & SSTT
706250,CASTALIE PRESTATION SAV,Chiffre d'Affaires Autres,Chiffre d'Affaires
706260,CASTALIE COMMISSIONS COMMERCIALES,Chiffre d'Affaires Autres,Chiffre d'Affaires
706300,NUNSHEN FORMATION EXPORT,Chiffre d'Affaires Nunshen,Chiffre d'Affaires
706310,NUNSHEN FORMATION,Chiffre d'Affaires Nunshen,Chiffre d'Affaires
706320,NUNSHEN DECOMMISSION,Chiffre d'Affaires Nunshen,Chiffre d'Affaires
706400,NESHU FONTAINE LOC 20%,Chiffre d'Affaires Neshu,Chiffre d'Affaires
706420,NESHUPRESTATION 20%,Chiffre d'Affaires Neshu,Chiffre d'Affaires
706430,AUTRES PARTENAIRES PRESTATIONS TECH,Chiffre d'Affaires EVS Services Technique Autres,Chiffre d'Affaires
706431,,Chiffre d'Affaires EVS Services Technique Auum,Chiffre d'Affaires
706432,,Chiffre d'Affaires EVS Services Technique Brita,Chiffre d'Affaires
706433,,Chiffre d'Affaires EVS Services Technique Twyd,Chiffre d'Affaires
707000,NUNSHEN 20%,Chiffre d'Affaires Nunshen,Chiffre d'Affaires
707100,NUNSHEN 5.5%,Chiffre d'Affaires Nunshen,Chiffre d'Affaires
707105,NUNSHEN 2.1%,Chiffre d'Affaires Nunshen,Chiffre d'Affaires
707200,NNFR VENTES PIECES DETACHEES,Chiffre d'Affaires Pièces Détachées,Chiffre d'Affaires
707300,NESHU 10%,Chiffre d'Affaires Neshu,Chiffre d'Affaires
707305,NESHU 5.5%,Chiffre d'Affaires Neshu,Chiffre d'Affaires
707320,NESHU 20%,Chiffre d'Affaires Neshu,Chiffre d'Affaires
707400,VENTES CHOCOLAT 5.5%,Chiffre d'Affaires Nunshen,Chiffre d'Affaires
707410,VENTES CHOCOLAT EXPORT,Chiffre d'Affaires Pièces Détachées,Chiffre d'Affaires
707500,CASTALIE VENTES 20%,Chiffre d'Affaires Autres,Chiffre d'Affaires
707800,NUNSHEN THE UE 0%,Chiffre d'Affaires Nunshen,Chiffre d'Affaires
707805,NUNSHEN ACCESSOIRE UE 0%,Chiffre d'Affaires Nunshen,Chiffre d'Affaires
707810,"NUNSHEN THE UE 5,5%",Chiffre d'Affaires Nunshen,Chiffre d'Affaires
707815,,Chiffre d'Affaires Nunshen,Chiffre d'Affaires
707900,NUNSHEN EXPORT 0%,Chiffre d'Affaires Nunshen,Chiffre d'Affaires
707905,"NUNSHEN EXPORT 5,5%",Chiffre d'Affaires Nunshen,Chiffre d'Affaires
707910,NUNSHEN ACCESSOIRES EXPORT,Chiffre d'Affaires Nunshen,Chiffre d'Affaires
708100,Port /vente NUNSHEN 20%,Chiffre d'Affaires Nunshen,Chiffre d'Affaires
708105,"Port /vente NUNSHEN 2,1% CORSE",Chiffre d'Affaires Nunshen,Chiffre d'Affaires
708110,Port/Ventes Export NUNSHEN,Chiffre d'Affaires Nunshen,Chiffre d'Affaires
708800,PRODUITS ACTIVITES ANNEXES 20%,Résultat Exceptionnel,Frais Directs & Amortissements
708810,PRODUITS ACTIVITES ANNEXES EXPORT,Salaires,Masse Salariale
708820,Refacturation Bons de réduction 20%,Chiffre d'Affaires Autres,Chiffre d'Affaires
709700,NUNSHEN REMISE RABAIS 0%,Chiffre d'Affaires Nunshen,Chiffre d'Affaires
709705,NUNSHEN REMISE RABAIS 5.5%,Chiffre d'Affaires Nunshen,Chiffre d'Affaires
709710,NESHU REMISE RABAIS10%,Chiffre d'Affaires Neshu,Chiffre d'Affaires
709711,NESHU RISTOURNE 20%,Chiffre d'Affaires Neshu,Chiffre d'Affaires
709720,NUNSHEN REMISE RABAI 20%,Chiffre d'Affaires Nunshen,Chiffre d'Affaires
720000,PRODUCTION IMMOBILISEE,Résultat Exceptionnel,Frais Directs & Amortissements
740000,Subvention bonus,Résultat Exceptionnel,Frais Directs & Amortissements
756000,GAINS DE CHANGE,Résultat Financier,Frais Directs & Amortissements
758000,PROD.DIVERS DE GEST.COUR.,Résultat Exceptionnel,Frais Directs & Amortissements
758700,,"Frais Neshu (loc., etc.)",Frais Directs & Amortissements
758710,,Parc Auto,Frais Directs & Amortissements
758720,,Locaux,Frais Directs & Amortissements
762000,AUTRES PRODUITS FINANCIERS IMMO,Résultat Financier,Frais Directs & Amortissements
762400,PRODUITS FIN. REVENUS DES PRETS,Résultat Financier,Frais Directs & Amortissements
768000,AUTRES PRODUITS FINANCIERS,Résultat Financier,Frais Directs & Amortissements
771800,PROD.EXCEPT./OPER.GESTION,Résultat Exceptionnel,Frais Directs & Amortissements
771810,Produits exceptionnels soumis à TVA,Résultat Exceptionnel,Frais Directs & Amortissements
772000,PRODUITS EXCEP./EXO ANTERIEUR,Résultat Exceptionnel,Frais Directs & Amortissements
775200,Produits cessions soumis TVA,Résultat Exceptionnel,Frais Directs & Amortissements
775201,Produits cessions exo TVA,Résultat Exceptionnel,Frais Directs & Amortissements
775600,Cession immobilisation financière,Résultat Exceptionnel,Frais Directs & Amortissements
781500,Reprise/prov risque chg except,Résultat Exceptionnel,Frais Directs & Amortissements
781730,REPR/ PRIV DEP STOCK,Résultat Exceptionnel,Frais Directs & Amortissements
781740,REPR/ PRIV DEP ACT CIRCULANT,Résultat Exceptionnel,Frais Directs & Amortissements
787500,REPR/ PROV POUR RISQUE,Résultat Exceptionnel,Frais Directs & Amortissements
791000,TRANSFERTS CHARGES D_EXPL AEN,Salaires,Masse Salariale
791100,TRANSFERT DE CHARGES DFS,Résultat Exceptionnel,Frais Directs & Amortissements
791600,TRANSFERT DE CHARGES IJ,Résultat Exceptionnel,Frais Directs & Amortissements
791610,TRANSFERTS CHARGES D_EXPL HT,Résultat Exceptionnel,Frais Directs & Amortissements
791621,TRANSFERT CHG 10%,Résultat Exceptionnel,Frais Directs & Amortissements
791622,TRANSFERT CHG 20%,Résultat Exceptionnel,Frais Directs & Amortissements
791630,TRANSFERT DE CHARGES,Résultat Exceptionnel,Frais Directs & Amortissements
791640,TRANSFERTS CHARGES D_EXPL,Résultat Exceptionnel,Frais Directs & Amortissements
791641,TRANSFERT CHGES PERS.HT,Résultat Exceptionnel,Frais Directs & Amortissements
657000,VNC IMMO CORP ET INCORP.,Résultat Exceptionnel,Frais Directs & Amortissements
757000,PRODUIT CESSIONS IMMO CORP ET INC,Résultat Exceptionnel,Frais Directs & Amortissements
615521,RESTITUTION ENT. MAT. TRANSP.,Parc Auto,Frais Directs & Amortissements
658200,PENALITE AMENDES,Résultat Exceptionnel,Frais Directs & Amortissements
613215,,Locaux,Frais Directs & Amortissements
609000,,Consommation MP Neshu,Consommation MP & SSTT
761500,,Résultat Financier,Frais Directs & Amortissements
686500,,Résultat Exceptionnel,Frais Directs & Amortissements
708801,,Consommation MP Neshu,Consommation MP & SSTT
647101,,Charges Patronales,Masse Salariale
786500,,Résultat Financier,Frais Directs & Amortissements
686200,,Résultat Financier,Frais Directs & Amortissements
